Date,Global_Price_USD_oz,USD_VND_Rate,Theoretical_Price_VND_Tael,VN_Spot_Price_VND_Tael,VN_Price_VND_Chi
2023-01-03,24.05900001525879,23610.0,684849.0,1234849.0,123485.0
2023-01-04,23.79199981689453,23515.0,674524.0,1224524.0,122452.0
2023-01-05,23.257999420166016,23510.0,659244.0,1209244.0,120924.0
2023-01-06,23.82200050354004,23475.0,674225.0,1224225.0,122423.0
2023-01-09,23.711999893188477,23460.0,670683.0,1220683.0,122068.0
2023-01-10,23.506999969482422,23447.0,664516.0,1214516.0,121452.0
2023-01-11,23.32699966430664,23445.0,659372.0,1209372.0,120937.0
2023-01-12,23.863000869750977,23440.0,674379.0,1224379.0,122438.0
2023-01-13,24.231000900268555,23438.0,684720.0,1234720.0,123472.0
2023-01-17,23.944000244140625,23434.0,676495.0,1226495.0,122649.0
2023-01-18,23.530000686645508,23427.0,664599.0,1214599.0,121460.0
2023-01-19,23.753999710083008,23437.0,671212.0,1221212.0,122121.0
2023-01-20,23.829999923706055,23440.0,673446.0,1223446.0,122345.0
2023-01-23,23.45199966430664,23440.0,662764.0,1212764.0,121276.0
2023-01-24,23.64900016784668,23440.0,668331.0,1218331.0,121833.0
2023-01-25,23.839000701904297,23440.0,673701.0,1223701.0,122370.0
2023-01-26,23.93000030517578,23440.0,676272.0,1226272.0,122627.0
2023-01-27,23.527000427246094,23440.0,664883.0,1214883.0,121488.0
2023-01-30,23.645000457763672,23460.0,668788.0,1218788.0,121879.0
2023-01-31,23.74799919128418,23470.0,671988.0,1221988.0,122199.0
2023-02-01,23.520999908447266,23445.0,664856.0,1214856.0,121486.0
2023-02-02,23.534000396728516,23440.0,665081.0,1215081.0,121508.0
2023-02-03,22.333999633789062,23449.0,631411.0,1181411.0,118141.0
2023-02-06,22.177000045776367,23440.0,626732.0,1176732.0,117673.0
2023-02-07,22.117000579833984,23480.0,626103.0,1176103.0,117610.0
2023-02-08,22.367000579833984,23600.0,636416.0,1186416.0,118642.0
2023-02-09,22.097000122070312,23590.0,628467.0,1178467.0,117847.0
2023-02-10,22.034000396728516,23560.0,625878.0,1175878.0,117588.0
2023-02-13,21.81800079345703,23565.0,619874.0,1169874.0,116987.0
2023-02-14,21.841999053955078,23595.0,621346.0,1171346.0,117135.0
2023-02-15,21.54599952697754,23600.0,613056.0,1163056.0,116306.0
2023-02-16,21.68400001525879,23615.0,617374.0,1167374.0,116737.0
2023-02-17,21.694000244140625,23680.0,619359.0,1169359.0,116936.0
2023-02-21,21.868999481201172,23725.0,625542.0,1175542.0,117554.0
2023-02-22,21.660999298095703,23705.0,619070.0,1169070.0,116907.0
2023-02-23,21.298999786376953,23780.0,610650.0,1160650.0,116065.0
2023-02-24,20.805999755859375,23815.0,597393.0,1147393.0,114739.0
2023-02-27,20.670000076293945,23780.0,592616.0,1142616.0,114262.0
2023-02-28,20.961000442504883,23805.0,601591.0,1151591.0,115159.0
2023-03-01,20.958999633789062,23740.0,599891.0,1149891.0,114989.0
2023-03-02,20.766000747680664,23710.0,593616.0,1143616.0,114362.0
2023-03-03,21.093000411987305,23700.0,602709.0,1152709.0,115271.0
2023-03-06,20.983999252319336,23710.0,599848.0,1149848.0,114985.0
2023-03-07,20.054000854492188,23650.0,571812.0,1121812.0,112181.0
2023-03-08,20.0049991607666,23640.0,570174.0,1120174.0,112017.0
2023-03-09,20.024999618530273,23710.0,572434.0,1122434.0,112243.0
2023-03-10,20.375,23680.0,581702.0,1131702.0,113170.0
2023-03-13,21.792999267578125,23660.0,621660.0,1171660.0,117166.0
2023-03-14,21.929000854492188,23570.0,623160.0,1173160.0,117316.0
2023-03-15,21.77400016784668,23570.0,618755.0,1168755.0,116876.0
2023-03-16,21.58799934387207,23565.0,613340.0,1163340.0,116334.0
2023-03-17,22.35099983215332,23560.0,634883.0,1184883.0,118488.0
2023-03-20,22.533000946044922,23570.0,640324.0,1190324.0,119032.0
2023-03-21,22.323999404907227,23570.0,634385.0,1184385.0,118438.0
2023-03-22,22.674999237060547,23570.0,644359.0,1194359.0,119436.0
2023-03-23,23.143999099731445,23510.0,656013.0,1206013.0,120601.0
2023-03-24,23.246999740600586,23490.0,658372.0,1208372.0,120837.0
2023-03-27,23.054000854492188,23510.0,653462.0,1203462.0,120346.0
2023-03-28,23.323999404907227,23500.0,660834.0,1210834.0,121083.0
2023-03-29,23.375999450683594,23480.0,661743.0,1211743.0,121174.0
2023-03-30,23.902000427246094,23480.0,676634.0,1226634.0,122663.0
2023-03-31,24.076000213623047,23470.0,681269.0,1231269.0,123127.0
2023-04-03,23.94099998474121,23450.0,676872.0,1226872.0,122687.0
2023-04-04,25.02199935913086,23470.0,708038.0,1258038.0,125804.0
2023-04-05,24.96299934387207,23460.0,706067.0,1256067.0,125607.0
2023-04-06,25.024999618530273,23465.0,707972.0,1257972.0,125797.0
2023-04-10,24.84600067138672,23442.0,702219.0,1252219.0,125222.0
2023-04-11,25.131000518798828,23442.0,710274.0,1260274.0,126027.0
2023-04-12,25.40399932861328,23445.0,718081.0,1268081.0,126808.0
2023-04-13,25.874000549316406,23442.0,731273.0,1281273.0,128127.0
2023-04-14,25.423999786376953,23440.0,718493.0,1268493.0,126849.0
2023-04-17,25.05299949645996,23440.0,708009.0,1258009.0,125801.0
2023-04-18,25.24799919128418,23485.0,714889.0,1264889.0,126489.0
2023-04-19,25.365999221801758,23505.0,718842.0,1268842.0,126884.0
2023-04-20,25.368000030517578,23511.0,719082.0,1269082.0,126908.0
2023-04-21,25.05299949645996,23488.0,709459.0,1259459.0,125946.0
2023-04-24,25.305999755859375,23485.0,716532.0,1266532.0,126653.0
2023-04-25,24.87700080871582,23494.0,704655.0,1254655.0,125465.0
2023-04-26,24.871000289916992,23473.0,703855.0,1253855.0,125385.0
2023-04-27,24.982999801635742,23465.0,706783.0,1256783.0,125678.0
2023-04-28,24.999000549316406,23445.0,706633.0,1256633.0,125663.0
2023-05-01,25.009000778198242,23450.0,707067.0,1257067.0,125707.0
2023-05-02,25.40399932861328,23450.0,718234.0,1268234.0,126823.0
2023-05-03,25.47599983215332,23450.0,720270.0,1270270.0,127027.0
2023-05-04,26.03499984741211,23450.0,736074.0,1286074.0,128607.0
2023-05-05,25.743000030517578,23445.0,727664.0,1277664.0,127766.0
2023-05-08,25.63599967956543,23440.0,724485.0,1274485.0,127448.0
2023-05-09,25.697999954223633,23443.0,726330.0,1276330.0,127633.0
2023-05-10,25.461000442504883,23460.0,720153.0,1270153.0,127015.0
2023-05-11,24.2549991607666,23465.0,686188.0,1236188.0,123619.0
2023-05-12,23.992000579833984,23465.0,678748.0,1228748.0,122875.0
2023-05-15,24.12700080871582,23450.0,682130.0,1232130.0,123213.0
2023-05-16,23.73699951171875,23452.0,671161.0,1221161.0,122116.0
2023-05-17,23.75200080871582,23450.0,671528.0,1221528.0,122153.0
2023-05-18,23.4950008392334,23450.0,664262.0,1214262.0,121426.0
2023-05-19,23.920000076293945,23450.0,676278.0,1226278.0,122628.0
2023-05-22,23.71500015258789,23460.0,670768.0,1220768.0,122077.0
2023-05-23,23.474000930786133,23438.0,663329.0,1213329.0,121333.0
2023-05-24,23.114999771118164,23470.0,654076.0,1204076.0,120408.0
2023-05-25,22.785999298095703,23470.0,644766.0,1194766.0,119477.0
2023-05-26,23.239999771118164,23470.0,657613.0,1207613.0,120761.0
2023-05-30,23.125,23465.0,654220.0,1204220.0,120422.0
2023-05-31,23.474000930786133,23480.0,664518.0,1214518.0,121452.0
2023-06-01,23.875,23485.0,676013.0,1226013.0,122601.0
2023-06-02,23.64299964904785,23485.0,669444.0,1219444.0,121944.0
2023-06-05,23.534000396728516,23475.0,666074.0,1216074.0,121607.0
2023-06-06,23.573999404907227,23495.0,667775.0,1217775.0,121777.0
2023-06-07,23.43899917602539,23485.0,663668.0,1213668.0,121367.0
2023-06-08,24.263999938964844,23485.0,687028.0,1237028.0,123703.0
2023-06-09,24.333999633789062,23490.0,689156.0,1239156.0,123916.0
2023-06-12,23.985000610351562,23470.0,678694.0,1228694.0,122869.0
2023-06-13,23.756000518798828,23480.0,672501.0,1222501.0,122250.0
2023-06-14,24.04400062561035,23495.0,681088.0,1231088.0,123109.0
2023-06-15,23.891000747680664,23500.0,676898.0,1226898.0,122690.0
2023-06-16,24.076000213623047,23525.0,682866.0,1232866.0,123287.0
2023-06-20,23.19300079345703,23520.0,657681.0,1207681.0,120768.0
2023-06-21,22.77400016784668,23520.0,645800.0,1195800.0,119580.0
2023-06-22,22.43600082397461,23505.0,635809.0,1185809.0,118581.0
2023-06-23,22.327999114990234,23515.0,633018.0,1183018.0,118302.0
2023-06-26,22.80500030517578,23515.0,646541.0,1196541.0,119654.0
2023-06-27,22.93899917602539,23530.0,650755.0,1200755.0,120076.0
2023-06-28,22.868000030517578,23520.0,648465.0,1198465.0,119847.0
2023-06-29,22.590999603271484,23555.0,641564.0,1191564.0,119156.0
2023-06-30,22.809999465942383,23569.0,648168.0,1198168.0,119817.0
2023-07-03,22.895999908447266,23575.0,650778.0,1200778.0,120078.0
2023-07-05,23.19700050354004,23700.0,662829.0,1212829.0,121283.0
2023-07-06,22.68600082397461,23745.0,649458.0,1199458.0,119946.0
2023-07-07,23.091999053955078,23710.0,660107.0,1210107.0,121011.0
2023-07-10,23.150999069213867,23635.0,659700.0,1209700.0,120970.0
2023-07-11,23.086000442504883,23640.0,657987.0,1207987.0,120799.0
2023-07-12,24.118999481201172,23690.0,688883.0,1238883.0,123888.0
2023-07-13,24.76799964904785,23660.0,706524.0,1256524.0,125652.0
2023-07-14,25.013999938964844,23665.0,713692.0,1263692.0,126369.0
2023-07-17,24.8439998626709,23630.0,707793.0,1257793.0,125779.0
2023-07-18,25.083999633789062,23630.0,714631.0,1264631.0,126463.0
2023-07-19,25.2189998626709,23635.0,718629.0,1268629.0,126863.0
2023-07-20,24.80500030517578,23630.0,706682.0,1256682.0,125668.0
2023-07-21,24.697999954223633,23647.0,704140.0,1254140.0,125414.0
2023-07-24,24.43600082397461,23656.0,696936.0,1246936.0,124694.0
2023-07-25,24.68000030517578,23665.0,704163.0,1254163.0,125416.0
2023-07-26,24.825000762939453,23655.0,708000.0,1258000.0,125800.0
2023-07-27,24.236000061035156,23665.0,691494.0,1241494.0,124149.0
2023-07-28,24.3700008392334,23661.0,695200.0,1245200.0,124520.0
2023-07-31,24.854000091552734,23685.0,709726.0,1259726.0,125973.0
2023-08-01,24.20800018310547,23680.0,691133.0,1241133.0,124113.0
2023-08-02,23.753999710083008,23680.0,678172.0,1228172.0,122817.0
2023-08-03,23.586000442504883,23735.0,674939.0,1224939.0,122494.0
2023-08-04,23.617000579833984,23750.0,676254.0,1226254.0,122625.0
2023-08-07,23.142000198364258,23725.0,661955.0,1211955.0,121195.0
2023-08-08,22.716999053955078,23720.0,649661.0,1199661.0,119966.0
2023-08-09,22.649999618530273,23730.0,648018.0,1198018.0,119802.0
2023-08-10,22.746000289916992,23735.0,650902.0,1200902.0,120090.0
2023-08-11,22.673999786376953,23740.0,648978.0,1198978.0,119898.0
2023-08-14,22.643999099731445,23750.0,648393.0,1198393.0,119839.0
2023-08-15,22.594999313354492,23815.0,648760.0,1198760.0,119876.0
2023-08-16,22.479999542236328,23965.0,649524.0,1199524.0,119952.0
2023-08-17,22.670000076293945,23935.0,654193.0,1204193.0,120419.0
2023-08-18,22.69499969482422,23850.0,652589.0,1202589.0,120259.0
2023-08-21,23.304000854492188,23850.0,670101.0,1220101.0,122010.0
2023-08-22,23.420000076293945,23850.0,673436.0,1223436.0,122344.0
2023-08-23,24.363000869750977,23850.0,700552.0,1250552.0,125055.0
2023-08-24,24.211000442504883,23900.0,697641.0,1247641.0,124764.0
2023-08-25,24.219999313354492,23900.0,697900.0,1247900.0,124790.0
2023-08-28,24.238000869750977,23975.0,700611.0,1250611.0,125061.0
2023-08-29,24.777000427246094,24080.0,719327.0,1269327.0,126933.0
2023-08-30,24.733999252319336,24180.0,721061.0,1271061.0,127106.0
2023-08-31,24.472000122070312,24110.0,711358.0,1261358.0,126136.0
2023-09-01,24.23200035095215,24060.0,702920.0,1252920.0,125292.0
2023-09-05,23.558000564575195,24060.0,683369.0,1233369.0,123337.0
2023-09-06,23.20599937438965,24050.0,672878.0,1222878.0,122288.0
2023-09-07,22.950000762939453,24055.0,665594.0,1215594.0,121559.0
2023-09-08,22.892000198364258,24060.0,664050.0,1214050.0,121405.0
2023-09-11,23.10300064086914,24055.0,670031.0,1220031.0,122003.0
2023-09-12,23.12700080871582,24075.0,671285.0,1221285.0,122128.0
2023-09-13,22.91200065612793,24100.0,665735.0,1215735.0,121573.0
2023-09-14,22.74799919128418,24080.0,660421.0,1210421.0,121042.0
2023-09-15,23.125999450683594,24220.0,675299.0,1225299.0,122530.0
2023-09-18,23.23200035095215,24250.0,679234.0,1229234.0,122923.0
2023-09-19,23.194000244140625,24370.0,681479.0,1231479.0,123148.0
2023-09-20,23.57900047302246,24370.0,692791.0,1242791.0,124279.0
2023-09-21,23.444000244140625,24270.0,685998.0,1235998.0,123600.0
2023-09-22,23.59600067138672,24310.0,691583.0,1241583.0,124158.0
2023-09-25,23.145000457763672,24360.0,679760.0,1229760.0,122976.0
2023-09-26,22.950000762939453,24380.0,674587.0,1224587.0,122459.0
2023-09-27,22.476999282836914,24380.0,660683.0,1210683.0,121068.0
2023-09-28,22.514999389648438,24385.0,661936.0,1211936.0,121194.0
2023-09-29,22.236000061035156,24385.0,653733.0,1203733.0,120373.0
2023-10-02,21.218000411987305,24280.0,621118.0,1171118.0,117112.0
2023-10-03,21.17799949645996,24340.0,621479.0,1171479.0,117148.0
2023-10-04,20.95599937438965,24385.0,616102.0,1166102.0,116610.0
2023-10-05,20.847999572753906,24420.0,613806.0,1163806.0,116381.0
2023-10-06,21.540000915527344,24380.0,633141.0,1183141.0,118314.0
2023-10-09,21.740999221801758,24360.0,638525.0,1188525.0,118853.0
2023-10-10,21.775999069213867,24370.0,639816.0,1189816.0,118982.0
2023-10-11,21.957000732421875,24390.0,645663.0,1195663.0,119566.0
2023-10-12,21.79199981689453,24440.0,642125.0,1192125.0,119212.0
2023-10-13,22.726999282836914,24435.0,669539.0,1219539.0,121954.0
2023-10-16,22.610000610351562,24440.0,666228.0,1216228.0,121623.0
2023-10-17,22.863000869750977,24460.0,674234.0,1224234.0,122423.0
2023-10-18,22.944000244140625,24490.0,677453.0,1227453.0,122745.0
2023-10-19,22.886999130249023,24555.0,677564.0,1227564.0,122756.0
2023-10-20,23.35099983215332,24550.0,691159.0,1241159.0,124116.0
2023-10-23,23.07200050354004,24520.0,682067.0,1232067.0,123207.0
2023-10-24,22.979999542236328,24590.0,681287.0,1231287.0,123129.0
2023-10-25,22.87700080871582,24550.0,677130.0,1227130.0,122713.0
2023-10-26,22.78700065612793,24560.0,674740.0,1224740.0,122474.0
2023-10-27,22.770000457763672,24604.0,675445.0,1225445.0,122545.0
2023-10-30,23.281999588012695,24570.0,689678.0,1239678.0,123968.0
2023-10-31,22.840999603271484,24558.0,676284.0,1226284.0,122628.0
2023-11-01,22.684999465942383,24560.0,671720.0,1221720.0,122172.0
2023-11-02,22.750999450683594,24585.0,674360.0,1224360.0,122436.0
2023-11-03,23.201000213623047,24570.0,687279.0,1237279.0,123728.0
2023-11-06,23.14900016784668,24520.0,684343.0,1234343.0,123434.0
2023-11-07,22.507999420166016,24335.0,660373.0,1210373.0,121037.0
2023-11-08,22.64699935913086,24310.0,663769.0,1213769.0,121377.0
2023-11-09,22.83099937438965,24370.0,670813.0,1220813.0,122081.0
2023-11-10,22.21500015258789,24340.0,651911.0,1201911.0,120191.0
2023-11-13,22.298999786376953,24315.0,653704.0,1203704.0,120370.0
2023-11-14,23.07900047302246,24381.0,678406.0,1228406.0,122841.0
2023-11-15,23.485000610351562,24376.0,690199.0,1240199.0,124020.0
2023-11-16,23.892000198364258,24286.0,699568.0,1249568.0,124957.0
2023-11-17,23.80900001525879,24288.0,697195.0,1247195.0,124719.0
2023-11-20,23.57900047302246,24250.0,689380.0,1239380.0,123938.0
2023-11-21,23.843000411987305,24170.0,694798.0,1244798.0,124480.0
2023-11-22,23.672000885009766,24130.0,688674.0,1238674.0,123867.0
2023-11-24,24.32900047302246,24240.0,711014.0,1261014.0,126101.0
2023-11-27,24.672000885009766,24260.0,721633.0,1271633.0,127163.0
2023-11-28,24.93000030517578,24230.0,728278.0,1278278.0,127828.0
2023-11-29,25.07200050354004,24240.0,732728.0,1282728.0,128273.0
2023-11-30,25.292999267578125,24260.0,739797.0,1289797.0,128980.0
2023-12-01,25.499000549316406,24250.0,745515.0,1295515.0,129551.0
2023-12-04,24.55500030517578,24270.0,718507.0,1268507.0,126851.0
2023-12-05,24.201000213623047,24250.0,707565.0,1257565.0,125756.0
2023-12-06,23.888999938964844,24266.0,698904.0,1248904.0,124890.0
2023-12-07,23.73200035095215,24274.0,694539.0,1244539.0,124454.0
2023-12-08,22.97100067138672,24275.0,672296.0,1222296.0,122230.0
2023-12-11,22.773000717163086,24220.0,664991.0,1214991.0,121499.0
2023-12-12,22.72800064086914,24250.0,664499.0,1214499.0,121450.0
2023-12-13,22.638999938964844,24260.0,662170.0,1212170.0,121217.0
2023-12-14,24.09600067138672,24279.0,705338.0,1255338.0,125534.0
2023-12-15,23.8700008392334,24245.0,697744.0,1247744.0,124774.0
2023-12-18,23.83099937438965,24260.0,697035.0,1247035.0,124703.0
2023-12-19,24.040000915527344,24350.0,705756.0,1255756.0,125576.0
2023-12-20,24.347000122070312,24350.0,714769.0,1264769.0,126477.0
2023-12-21,24.30699920654297,24335.0,713155.0,1263155.0,126316.0
2023-12-22,24.290000915527344,24320.0,712217.0,1262217.0,126222.0
2023-12-26,24.143999099731445,24230.0,705316.0,1255316.0,125532.0
2023-12-27,24.375,24325.0,714856.0,1264856.0,126486.0
2023-12-28,24.134000778198242,24345.0,708370.0,1258370.0,125837.0
2023-12-29,23.85300064086914,24235.0,696959.0,1246959.0,124696.0
2024-01-02,23.732999801635742,24260.0,694168.0,1244168.0,124417.0
2024-01-03,22.945999145507812,24325.0,672947.0,1222947.0,122295.0
2024-01-04,22.98900032043457,24370.0,675456.0,1225456.0,122546.0
2024-01-05,23.121999740600586,24360.0,679085.0,1229085.0,122908.0
2024-01-08,23.1200008392334,24370.0,679305.0,1229305.0,122930.0
2024-01-09,22.90399932861328,24330.0,671854.0,1221854.0,122185.0
2024-01-10,22.884000778198242,24360.0,672095.0,1222095.0,122209.0
2024-01-11,22.53700065612793,24405.0,663126.0,1213126.0,121313.0
2024-01-12,23.16200065612793,24475.0,683471.0,1233471.0,123347.0
2024-01-16,22.933000564575195,24470.0,676575.0,1226575.0,122658.0
2024-01-17,22.516000747680664,24500.0,665087.0,1215087.0,121509.0
2024-01-18,22.66699981689453,24500.0,669547.0,1219547.0,121955.0
2024-01-19,22.570999145507812,24545.0,667936.0,1217936.0,121794.0
2024-01-22,22.163000106811523,24540.0,655729.0,1205729.0,120573.0
2024-01-23,22.333999633789062,24550.0,661058.0,1211058.0,121106.0
2024-01-24,22.7549991607666,24565.0,673930.0,1223930.0,122393.0
2024-01-25,22.808000564575195,24600.0,676462.0,1226462.0,122646.0
2024-01-26,22.7549991607666,24605.0,675027.0,1225027.0,122503.0
2024-01-29,23.13800048828125,24595.0,686110.0,1236110.0,123611.0
2024-01-30,23.10700035095215,24530.0,683380.0,1233380.0,123338.0
2024-01-31,23.051000595092773,24395.0,677972.0,1227972.0,122797.0
2024-02-01,23.1299991607666,24415.0,680853.0,1230853.0,123085.0
2024-02-02,22.701000213623047,24400.0,667815.0,1217815.0,121781.0
2024-02-05,22.334999084472656,24335.0,655298.0,1205298.0,120530.0
2024-02-06,22.39299964904785,24370.0,657944.0,1207944.0,120794.0
2024-02-07,22.277999877929688,24355.0,654162.0,1204162.0,120416.0
2024-02-08,22.565000534057617,24400.0,663814.0,1213814.0,121381.0
2024-02-09,22.527999877929688,24400.0,662726.0,1212726.0,121273.0
2024-02-12,22.708999633789062,24400.0,668050.0,1218050.0,121805.0
2024-02-13,22.09600067138672,24400.0,650017.0,1200017.0,120002.0
2024-02-14,22.33099937438965,24400.0,656930.0,1206930.0,120693.0
2024-02-15,22.91200065612793,24400.0,674022.0,1224022.0,122402.0
2024-02-16,23.43899917602539,24450.0,690938.0,1240938.0,124094.0
2024-02-20,23.106000900268555,24530.0,683351.0,1233351.0,123335.0
2024-02-21,22.85099983215332,24525.0,675671.0,1225671.0,122567.0
2024-02-22,22.764999389648438,24525.0,673128.0,1223128.0,122313.0
2024-02-23,22.9689998626709,24590.0,680960.0,1230960.0,123096.0
2024-02-26,22.517000198364258,24630.0,668646.0,1218646.0,121865.0
2024-02-27,22.523000717163086,24660.0,669639.0,1219639.0,121964.0
2024-02-28,22.40999984741211,24625.0,665333.0,1215333.0,121533.0
2024-02-29,22.666000366210938,24620.0,672797.0,1222797.0,122280.0
2024-03-01,23.149999618530273,24640.0,687722.0,1237722.0,123772.0
2024-03-04,23.77899932861328,24640.0,706408.0,1256408.0,125641.0
2024-03-05,23.76300048828125,24676.0,706964.0,1256964.0,125696.0
2024-03-06,24.27199935913086,24690.0,722517.0,1272517.0,127252.0
2024-03-07,24.3700008392334,24665.0,724699.0,1274699.0,127470.0
2024-03-08,24.339000701904297,24680.0,724218.0,1274218.0,127422.0
2024-03-11,24.511999130249023,24640.0,728183.0,1278183.0,127818.0
2024-03-12,24.194000244140625,24635.0,718591.0,1268591.0,126859.0
2024-03-13,24.958999633789062,24645.0,741613.0,1291613.0,129161.0
2024-03-14,24.874000549316406,24675.0,739987.0,1289987.0,128999.0
2024-03-15,25.200000762939453,24690.0,750141.0,1300141.0,130014.0
2024-03-18,25.090999603271484,24720.0,747804.0,1297804.0,129780.0
2024-03-19,24.964000701904297,24715.0,743868.0,1293868.0,129387.0
2024-03-20,24.933000564575195,24740.0,743696.0,1293696.0,129370.0
2024-03-21,24.849000930786133,24775.0,742239.0,1292239.0,129224.0
2024-03-22,24.691999435424805,24785.0,737847.0,1287847.0,128785.0
2024-03-25,24.7450008392334,24768.0,738924.0,1288924.0,128892.0
2024-03-26,24.482999801635742,24740.0,730274.0,1280274.0,128027.0
2024-03-27,24.625,24770.0,735400.0,1285400.0,128540.0
2024-03-28,24.797000885009766,24785.0,740985.0,1290985.0,129098.0
2024-04-01,24.95400047302246,24810.0,746428.0,1296428.0,129643.0
2024-04-02,25.804000854492188,24795.0,771387.0,1321387.0,132139.0
2024-04-03,26.94499969482422,24900.0,808907.0,1358907.0,135891.0
2024-04-04,27.139999389648438,25000.0,818034.0,1368034.0,136803.0
2024-04-05,27.399999618530273,24935.0,823723.0,1373723.0,137372.0
2024-04-08,27.711999893188477,24950.0,833604.0,1383604.0,138360.0
2024-04-09,27.891000747680664,24960.0,839325.0,1389325.0,138932.0
2024-04-10,27.961000442504883,24945.0,840925.0,1390925.0,139093.0
2024-04-11,28.176000595092773,24935.0,847052.0,1397052.0,139705.0
2024-04-12,28.2549991607666,24980.0,850960.0,1400960.0,140096.0
2024-04-15,28.650999069213867,25000.0,863577.0,1413577.0,141358.0
2024-04-16,28.31800079345703,25180.0,859685.0,1409685.0,140969.0
2024-04-17,28.34600067138672,25280.0,863953.0,1413953.0,141395.0
2024-04-18,28.32900047302246,25400.0,867533.0,1417533.0,141753.0
2024-04-19,28.808000564575195,25400.0,882202.0,1432202.0,143220.0
2024-04-22,27.21299934387207,25440.0,834670.0,1384670.0,138467.0
2024-04-23,27.33099937438965,25455.0,838783.0,1388783.0,138878.0
2024-04-24,27.323999404907227,25440.0,838074.0,1388074.0,138807.0
2024-04-25,27.341999053955078,25405.0,837473.0,1387473.0,138747.0
2024-04-26,27.240999221801758,25350.0,832573.0,1382573.0,138257.0
2024-04-29,27.37299919128418,25330.0,835947.0,1385947.0,138595.0
2024-04-30,26.391000747680664,25330.0,805958.0,1355958.0,135596.0
2024-05-01,26.48900032043457,25330.0,808951.0,1358951.0,135895.0
2024-05-02,26.58300018310547,25330.0,811821.0,1361821.0,136182.0
2024-05-03,26.44499969482422,25390.0,809520.0,1359520.0,135952.0
2024-05-06,27.368999481201172,25400.0,838135.0,1388135.0,138813.0
2024-05-07,27.30299949645996,25370.0,835126.0,1385126.0,138513.0
2024-05-08,27.361000061035156,25400.0,837890.0,1387890.0,138789.0
2024-05-09,28.131999969482422,25425.0,862349.0,1412349.0,141235.0
2024-05-10,28.274999618530273,25440.0,867243.0,1417243.0,141724.0
2024-05-13,28.22100067138672,25450.0,865927.0,1415927.0,141593.0
2024-05-14,28.485000610351562,25453.0,874131.0,1424131.0,142413.0
2024-05-15,29.513999938964844,25450.0,905601.0,1455601.0,145560.0
2024-05-16,29.665000915527344,25445.0,910056.0,1460056.0,146006.0
2024-05-17,31.047000885009766,25431.0,951929.0,1501929.0,150193.0
2024-05-20,32.20500183105469,25448.0,988094.0,1538094.0,153809.0
2024-05-21,31.868000030517578,25452.0,977908.0,1527908.0,152791.0
2024-05-22,31.295000076293945,25461.0,960664.0,1510664.0,151066.0
2024-05-23,30.284000396728516,25464.0,929739.0,1479739.0,147974.0
2024-05-24,30.329999923706055,25469.0,931334.0,1481334.0,148133.0
2024-05-28,31.97100067138672,25445.0,980799.0,1530799.0,153080.0
2024-05-29,32.202999114990234,25448.0,988032.0,1538032.0,153803.0
2024-05-30,31.38800048828125,25450.0,963103.0,1513103.0,151310.0
2024-05-31,30.297000885009766,25450.0,929627.0,1479627.0,147963.0
2024-06-03,30.641000747680664,25440.0,939813.0,1489813.0,148981.0
2024-06-04,29.488000869750977,25432.0,904164.0,1454164.0,145416.0
2024-06-05,29.947999954223633,25410.0,917474.0,1467474.0,146747.0
2024-06-06,31.246999740600586,25415.0,957458.0,1507458.0,150746.0
2024-06-07,29.334999084472656,25420.0,899048.0,1449048.0,144905.0
2024-06-10,29.768999099731445,25400.0,911631.0,1461631.0,146163.0
2024-06-11,29.132999420166016,25415.0,892682.0,1442682.0,144268.0
2024-06-12,30.176000595092773,25435.0,925368.0,1475368.0,147537.0
2024-06-13,28.989999771118164,25435.0,888999.0,1438999.0,143900.0
2024-06-14,29.402000427246094,25435.0,901633.0,1451633.0,145163.0
2024-06-17,29.325000762939453,25450.0,899802.0,1449802.0,144980.0
2024-06-18,29.5049991607666,25425.0,904436.0,1454436.0,145444.0
2024-06-20,30.775999069213867,25450.0,944324.0,1494324.0,149432.0
2024-06-21,29.572999954223633,25450.0,907412.0,1457412.0,145741.0
2024-06-24,29.48900032043457,25425.0,903946.0,1453946.0,145395.0
2024-06-25,28.836999893188477,25455.0,885002.0,1435002.0,143500.0
2024-06-26,28.909000396728516,25455.0,887212.0,1437212.0,143721.0
2024-06-27,28.917999267578125,25465.0,887837.0,1437837.0,143784.0
2024-06-28,29.23699951171875,25455.0,897278.0,1447278.0,144728.0
2024-07-01,29.299999237060547,25445.0,898858.0,1448858.0,144886.0
2024-07-02,29.35300064086914,25450.0,900661.0,1450661.0,145066.0
2024-07-03,30.54800033569336,25450.0,937329.0,1487329.0,148733.0
2024-07-05,31.38800048828125,25450.0,963103.0,1513103.0,151310.0
2024-07-08,30.618000030517578,25412.0,938074.0,1488074.0,148807.0
2024-07-09,30.77199935913086,25415.0,942903.0,1492903.0,149290.0
2024-07-10,30.726999282836914,25413.0,941450.0,1491450.0,149145.0
2024-07-11,31.393999099731445,25415.0,961962.0,1511962.0,151196.0
2024-07-12,30.88599967956543,25420.0,946582.0,1496582.0,149658.0
2024-07-15,30.672000885009766,25410.0,939654.0,1489654.0,148965.0
2024-07-16,31.19499969482422,25360.0,953796.0,1503796.0,150380.0
2024-07-17,30.136999130249023,25375.0,921992.0,1471992.0,147199.0
2024-07-18,29.9950008392334,25315.0,915478.0,1465478.0,146548.0
2024-07-19,29.08799934387207,25310.0,887620.0,1437620.0,143762.0
2024-07-22,29.124000549316406,25300.0,888368.0,1438368.0,143837.0
2024-07-23,29.131999969482422,25325.0,889490.0,1439490.0,143949.0
2024-07-24,29.115999221801758,25345.0,889703.0,1439703.0,143970.0
2024-07-25,27.80699920654297,25350.0,849872.0,1399872.0,139987.0
2024-07-26,27.860000610351562,25285.0,849308.0,1399308.0,139931.0
2024-07-29,27.702999114990234,25300.0,845023.0,1395023.0,139502.0
2024-07-30,28.364999771118164,25275.0,864361.0,1414361.0,141436.0
2024-07-31,28.777999877929688,25275.0,876946.0,1426946.0,142695.0
2024-08-01,28.33099937438965,25235.0,861959.0,1411959.0,141196.0
2024-08-02,28.246000289916992,25215.0,858692.0,1408692.0,140869.0
2024-08-05,27.076000213623047,25205.0,822797.0,1372797.0,137280.0
2024-08-06,27.09600067138672,25080.0,819321.0,1369321.0,136932.0
2024-08-07,26.829999923706055,25130.0,812895.0,1362895.0,136289.0
2024-08-08,27.5,25155.0,834023.0,1384023.0,138402.0
2024-08-09,27.48699951171875,25135.0,832966.0,1382966.0,138297.0
2024-08-12,27.91699981689453,25090.0,844483.0,1394483.0,139448.0
2024-08-13,27.69499969482422,25120.0,838769.0,1388769.0,138877.0
2024-08-14,27.253999710083008,25115.0,825248.0,1375248.0,137525.0
2024-08-15,28.341999053955078,25020.0,854947.0,1404947.0,140495.0
2024-08-16,28.777999877929688,25035.0,868619.0,1418619.0,141862.0
2024-08-19,29.239999771118164,25050.0,883093.0,1433093.0,143309.0
2024-08-20,29.454999923706055,24960.0,886390.0,1436390.0,143639.0
2024-08-21,29.47599983215332,24915.0,885423.0,1435423.0,143542.0
2024-08-22,29.006000518798828,24930.0,871829.0,1421829.0,142183.0
2024-08-23,29.785999298095703,24960.0,896351.0,1446351.0,144635.0
2024-08-26,29.976999282836914,24965.0,902279.0,1452279.0,145228.0
2024-08-27,29.951000213623047,24860.0,897705.0,1447705.0,144771.0
2024-08-28,29.176000595092773,24820.0,873069.0,1423069.0,142307.0
2024-08-29,29.55699920654297,24855.0,885718.0,1435718.0,143572.0
2024-08-30,28.731000900268555,24870.0,861485.0,1411485.0,141149.0
2024-09-03,27.951000213623047,24860.0,837760.0,1387760.0,138776.0
2024-09-04,28.16699981689453,24860.0,844234.0,1394234.0,139423.0
2024-09-05,28.719999313354492,24852.0,860532.0,1410532.0,141053.0
2024-09-06,27.808000564575195,24730.0,829116.0,1379116.0,137912.0
2024-09-09,28.291000366210938,24600.0,839082.0,1389082.0,138908.0
2024-09-10,28.256999969482422,24680.0,840800.0,1390800.0,139080.0
2024-09-11,28.562999725341797,24660.0,849216.0,1399216.0,139922.0
2024-09-12,29.743000030517578,24550.0,880354.0,1430354.0,143035.0
2024-09-13,30.698999404907227,24575.0,909576.0,1459576.0,145958.0
2024-09-16,30.770999908447266,24530.0,910040.0,1460040.0,146004.0
2024-09-17,30.618999481201172,24530.0,905544.0,1455544.0,145554.0
2024-09-18,30.340999603271484,24620.0,900615.0,1450615.0,145062.0
2024-09-19,31.0939998626709,24600.0,922217.0,1472217.0,147222.0
2024-09-20,31.176000595092773,24565.0,923333.0,1473333.0,147333.0
2024-09-23,30.767000198364258,24590.0,912147.0,1462147.0,146215.0
2024-09-24,32.111000061035156,24615.0,952961.0,1502961.0,150296.0
2024-09-25,31.697999954223633,24590.0,939748.0,1489748.0,148975.0
2024-09-26,32.025001525878906,24580.0,949057.0,1499057.0,149906.0
2024-09-27,31.518999099731445,24615.0,935392.0,1485392.0,148539.0
2024-09-30,31.163999557495117,24590.0,923917.0,1473917.0,147392.0
2024-10-01,31.44499969482422,24555.0,930921.0,1480921.0,148092.0
2024-10-02,31.628000259399414,24595.0,937864.0,1487864.0,148786.0
2024-10-03,32.18899917602539,24652.0,956711.0,1506711.0,150671.0
2024-10-04,32.12799835205078,24745.0,958501.0,1508501.0,150850.0
2024-10-07,31.7450008392334,24755.0,947457.0,1497457.0,149746.0
2024-10-08,30.354999542236328,24840.0,909082.0,1459082.0,145908.0
2024-10-09,30.424999237060547,24835.0,910995.0,1460995.0,146099.0
2024-10-10,31.0049991607666,24830.0,928175.0,1478175.0,147817.0
2024-10-11,31.520000457763672,24830.0,943592.0,1493592.0,149359.0
2024-10-14,31.08300018310547,24800.0,929385.0,1479385.0,147939.0
2024-10-15,31.527000427246094,24840.0,944182.0,1494182.0,149418.0
2024-10-16,31.760000228881836,24925.0,954414.0,1504414.0,150441.0
2024-10-17,31.572999954223633,24970.0,950508.0,1500508.0,150051.0
2024-10-18,33.03200149536133,25180.0,1002794.0,1552794.0,155279.0
2024-10-21,33.86899948120117,25150.0,1026979.0,1576979.0,157698.0
2024-10-22,34.83100128173828,25285.0,1061818.0,1611818.0,161182.0
2024-10-23,33.63999938964844,25390.0,1029769.0,1579769.0,157977.0
2024-10-24,33.611000061035156,25400.0,1029287.0,1579287.0,157929.0
2024-10-25,33.60300064086914,25385.0,1028434.0,1578434.0,157843.0
2024-10-28,33.83000183105469,25355.0,1034158.0,1584158.0,158416.0
2024-10-29,34.26900100708008,25345.0,1047165.0,1597165.0,159716.0
2024-10-30,33.91400146484375,25295.0,1034272.0,1584272.0,158427.0
2024-10-31,32.65299987792969,25280.0,995225.0,1545225.0,154523.0
2024-11-01,32.54199981689453,25270.0,991450.0,1541450.0,154145.0
2024-11-04,32.47999954223633,25280.0,989952.0,1539952.0,153995.0
2024-11-05,32.654998779296875,25310.0,996467.0,1546467.0,154647.0
2024-11-06,31.22100067138672,25330.0,953462.0,1503462.0,150346.0
2024-11-07,31.764999389648438,25370.0,971607.0,1521607.0,152161.0
2024-11-08,31.358999252319336,25350.0,958432.0,1508432.0,150843.0
2024-11-11,30.540000915527344,25260.0,930087.0,1480087.0,148009.0
2024-11-12,30.68600082397461,25310.0,936383.0,1486383.0,148638.0
2024-11-13,30.59000015258789,25340.0,934560.0,1484560.0,148456.0
2024-11-14,30.507999420166016,25330.0,931687.0,1481687.0,148169.0
2024-11-15,30.371000289916992,25390.0,929700.0,1479700.0,147970.0
2024-11-18,31.163000106811523,25380.0,953569.0,1503569.0,150357.0
2024-11-19,31.20800018310547,25405.0,955887.0,1505887.0,150589.0
2024-11-20,30.95599937438965,25395.0,947795.0,1497795.0,149779.0
2024-11-21,30.91200065612793,25415.0,947193.0,1497193.0,149719.0
2024-11-22,31.30900001525879,25415.0,959358.0,1509358.0,150936.0
2024-11-25,30.209999084472656,25417.0,925755.0,1475755.0,147576.0
2024-11-26,30.38800048828125,25410.0,930954.0,1480954.0,148095.0
2024-11-27,30.111000061035156,25405.0,922286.0,1472286.0,147229.0
2024-11-29,30.684999465942383,25358.0,938129.0,1488129.0,148813.0
2024-12-02,30.448999404907227,25344.0,930399.0,1480399.0,148040.0
2024-12-03,31.07699966430664,25374.0,950713.0,1500713.0,150071.0
2024-12-04,31.5049991607666,25395.0,964604.0,1514604.0,151460.0
2024-12-05,31.134000778198242,25400.0,953432.0,1503432.0,150343.0
2024-12-06,31.18600082397461,25393.0,954762.0,1504762.0,150476.0
2024-12-09,32.215999603271484,25375.0,985596.0,1535596.0,153560.0
2024-12-10,32.362998962402344,25370.0,989898.0,1539898.0,153990.0
2024-12-11,32.5620002746582,25360.0,995592.0,1545592.0,154559.0
2024-12-12,31.22800064086914,25380.0,955558.0,1505558.0,150556.0
2024-12-13,30.655000686645508,25394.0,938542.0,1488542.0,148854.0
2024-12-16,30.69700050354004,25400.0,940050.0,1490050.0,149005.0
2024-12-17,30.572999954223633,25385.0,935700.0,1485700.0,148570.0
2024-12-18,30.40999984741211,25430.0,932361.0,1482361.0,148236.0
2024-12-19,29.0939998626709,25445.0,892539.0,1442539.0,144254.0
2024-12-20,29.65999984741211,25450.0,910081.0,1460081.0,146008.0
2024-12-23,29.88800048828125,25445.0,916897.0,1466897.0,146690.0
2024-12-24,29.974000930786133,25440.0,919355.0,1469355.0,146935.0
2024-12-26,30.047000885009766,25420.0,920869.0,1470869.0,147087.0
2024-12-27,29.655000686645508,25425.0,909034.0,1459034.0,145903.0
2024-12-30,29.106000900268555,25445.0,892907.0,1442907.0,144291.0
2024-12-31,28.940000534057617,25476.0,888896.0,1438896.0,143890.0
